collection_id, subreddit, net_sentiment, post_count
30,gaming,0.2721254987007828,3
30,funny,0.23430918080116073,5
30,memes,0.18075268116072918,5
30,dankmemes,0.39286123105711146,7
30,wholesomememes,0.1880034026144639,2
30,aww,0.476064278102462,6
30,PublicFreakout,0.03244082313164867,1
30,blursedimages,0.1380767714508314,2
30,pics,0.15629088168919944,3
30,nextfuckinglevel,0.2164440231389167,2
30,mildlyinteresting,0.14805043584590488,2
30,rareinsults,0.039399108447907207,1
30,suspiciouslyspecific,0.05155769066171826,1
30,BlackPeopleTwitter,0.07666429654123537,1
30,HistoryMemes,0.04170846041221884,1
30,PewdiepieSubmissions,0.04777379180839002,1
30,instantkarma,0.010875013206704502,1
30,trippinthroughtime,0.04050160159246294,1
30,Unexpected,0.0314022638217907,1
30,comedyheaven,0.06810820256132756,1
30,teenagers,0.15871241634430505,1
30,todayilearned,0.1538817708077679,2
30,WhitePeopleTwitter,0.12086984184584842,2
30,ProgrammerHumor,0.09485355897507661,1
30,Showerthoughts,0.07959599414435291,2
30,lifehacks,0.04658324096427447,1
30,AskReddit,0.157041431663696,2
30,interestingasfuck,0.06088190897153161,1
30,WatchPeopleDieInside,0.06665750518260928,1
30,cursedcomments,0.062166363554231205,1
30,Damnthatsinteresting,0.12964828139872941,2
30,science,0.11178362007917925,2
30,BikiniBottomTwitter,0.07081830168709899,1
30,me_irl,0.14555609480399,2
30,NatureIsFuckingLit,0.0009517769792115677,1
30,Wellthatsucks,0.11690789368195376,2
30,blackmagicfuckery,0.037083722871250765,1
30,MadeMeSmile,0.1645732681895451,2
30,sadcringe,0.06836869631108275,1
30,imsorryjon,0.060794217147251556,1
30,HongKong,0.029533934156259996,1
30,BrandNewSentence,0.023659698433731172,1
30,therewasanattempt,0.03981892682037107,1
30,2meirl4meirl,0.03860487759203175,1
30,suicidebywords,0.08611627613970464,1
30,TIHI,0.12251939655172411,1
30,Eyebleach,0.08055987525481574,1
30,gifs,0.12006424418337053,2
30,trashy,0.06603345784052929,1
30,StarWars,0.09792390617504147,1
30,space,0.08849868496316995,1
30,PrequelMemes,0.16243048677349317,2
30,Futurology,0.03625209654216715,1
30,starterpacks,0.059074172193500474,1
30,politics,0.02151845402739111,1
30,iamatotalpieceofshit,0.05268286957564881,1
30,blessedimages,0.06963792858159056,1
30,Minecraft,0.08732729551150605,1
30,madlads,0.0002810846560846574,1
30,insanepeoplefacebook,0.03156726897568273,1
30,oddlysatisfying,0.08721579007268258,1
30,agedlikemilk,0.04577803600820664,1
30,pics,0.6416705375200464,8
30,memes,7.090257114824063,120
30,dankmemes,4.357336291218662,84
30,gaming,0.746358951816059,9
30,PublicFreakout,0.10264449580918951,2
30,wholesomememes,0.670597081500928,9
30,aww,2.4256849433878513,28
30,funny,0.931442973657828,16
30,rareinsults,0.1481319255965946,3
30,blursedimages,0.24772337088977087,6
30,Damnthatsinteresting,0.3006994005090513,3
30,teenagers,0.4231208060679707,5
30,Showerthoughts,0.15862808701441392,3
30,nextfuckinglevel,0.8689733813602861,10
30,WhitePeopleTwitter,0.10645679768895693,4
30,Unexpected,0.22494799248446587,3
30,mildlyinteresting,0.2492128135575247,5
30,ProgrammerHumor,0.09647182055187935,1
30,HistoryMemes,0.27242772323112935,5
30,instantkarma,0.057091696653028254,2
30,PewdiepieSubmissions,3.7330334425392335,43
30,todayilearned,0.42926433809575426,7
30,MadeMeSmile,0.16544200404478002,2
30,politics,0.7054927246245812,12
30,imsorryjon,0.4062017174235833,3
30,AskReddit,0.27334671901510066,4
30,BlackPeopleTwitter,0.23591713863235353,3
30,sadcringe,0.07120522841522732,1
30,gifs,0.3924299489740842,7
30,interestingasfuck,0.591607727466813,10
30,cursedcomments,0.051182957302320045,3
30,science,0.03632281201005496,1
30,HongKong,0.13701564242641193,3
30,Wellthatsucks,0.060587068571604556,1
30,oddlysatisfying,0.5759039264431545,4
30,therewasanattempt,0.1342994989413976,2
30,blessedimages,0.31266395747717585,8
30,me_irl,0.7757443600198042,12
30,starterpacks,0.06579823112200799,1
30,NatureIsFuckingLit,0.4658243625644286,5
30,GetMotivated,0.1726409861948502,2
30,2meirl4meirl,0.05343440093362107,2
30,PrequelMemes,0.6782489648090224,12
30,TIHI,0.1528645619148209,2
30,HumansBeingBros,0.1942925632629023,2
30,instant_regret,0.035935212491723344,1
30,trashy,0.17481703084507125,3
30,iamatotalpieceofshit,0.14327391612242843,2
30,StarWars,0.24005719551109744,2
30,Eyebleach,0.16306607744107746,2
30,OldSchoolCool,0.19970702990064576,2
30,Minecraft,0.6346285789619563,8
30,modernwarfare,0.26686171532044933,3
30,BrandNewSentence,0.05780562244682615,1
30,Futurology,0.12093119911590064,2
30,worldnews,0.38286623062351843,8
30,facepalm,0.1485312325053633,3
30,madlads,0.1406234320547115,3
30,comics,0.07844273665443635,2
30,leagueoflegends,0.04846368725385176,2
30,news,0.04903213426067578,2
30,Whatcouldgowrong,-0.04114403115136755,2
30,DunderMifflin,0.10374809541735007,1
30,HighQualityGifs,0.06556944335260287,1
30,oddlyterrifying,0.035113795532540015,2
30,HolUp,0.06590497180779183,3
30,dndmemes,0.1251036567391906,1
30,EarthPorn,0.2808796339919347,2
30,insaneparents,0.26903007878818747,2
30,Tinder,0.25251168870932483,3
30,tifu,0.13805602288082414,2
30,technicallythetruth,0.16556392665892716,2
30,WTF,0.1277748851777947,3
30,ThatsInsane,0.035879853998769674,1
30,pcmasterrace,0.32827129749053574,5
30,toptalent,0.054673409978469506,1
30,rarepuppers,0.2843828222979342,2
30,AnimalsBeingDerps,0.09738120675620675,1
30,natureismetal,0.04020501139875609,1
30,photoshopbattles,0.31262407509747936,2
30,quityourbullshit,0.058984935789517814,1
30,holdmyfeedingtube,0.047947308598656445,1
30,mildlyinfuriating,0.0602388811946906,1
30,Bossfight,0.07836595117845119,1
30,KidsAreFuckingStupid,0.1982939886933979,3
30,unpopularopinion,0.08099183017854186,1
30,MakeMeSuffer,0.017231057482680865,1
30,nevertellmetheodds,0.1457566958037911,1
30,insanepeoplefacebook,0.12781539521439403,3
30,woof_irl,0.19133873456790124,2
30,IdiotsInCars,0.07497010724386209,2
30,freefolk,0.10389772361222956,2
30,youngpeopleyoutube,0.12810542929292928,3
30,technology,0.04113262353182566,1
30,ShitPostCrusaders,0.7586802388828161,18
30,suspiciouslyspecific,0.050065757031034795,1
30,wholesomegifs,0.12470461868290138,1
30,meirl,0.05313548267352615,1
30,dataisbeautiful,0.0758515002117441,1
30,BetterEveryLoop,0.14465691950842002,1
30,PeopleFuckingDying,0.08293574142858338,2
30,MemeEconomy,0.0235923721340388,1
30,tumblr,0.12526636375364417,2
30,cursedimages,0.06960378122371377,2
30,AbsoluteUnits,0.07996127371127372,1
30,wholesomeanimemes,0.10610774475502045,2
30,LateStageCapitalism,0.10628355028821068,2
30,atheism,0.03884176643238939,1
30,trippinthroughtime,0.15798011407845972,2
30,coolguides,0.09723162697693137,2
30,MovieDetails,0.24968402186236968,2
30,fightporn,0.07052269744691005,1
30,rickandmorty,0.14593550066354613,4
30,KeanuBeingAwesome,0.07056793029675236,1
30,comedyhomicide,0.037287265746820446,1
30,confusing_perspective,0.07413542568542568,1
30,perfectlycutscreams,0.12754517406685592,2
30,gonewild,0.21834879652106542,2
30,videos,0.14274242835078527,2
30,FellowKids,0.06698836877408307,1
30,shittymoviedetails,0.1212190799010442,1
30,forbiddensnacks,0.02499999999999999,1
30,fakehistoryporn,0.19160449157008025,3
30,ShittyLifeProTips,0.16676665831596388,2
30,AteTheOnion,0.0444006193414541,1
30,HydroHomies,0.3215621657077333,3
30,hmmm,0,3
30,dank_meme,0.07840543439048873,1
30,maybemaybemaybe,0.15728027715369486,3
30,Cringetopia,0.02790507681385271,2
30,thanosdidnothingwrong,0.07019891028511717,1
30,CozyPlaces,0.22155988098196377,2
30,dontputyourdickinthat,0.1514762927227616,2
30,FuckYouKaren,0.06872951920118067,2
30,specializedtools,0.06757557900205778,1
30,lotrmemes,0.24886999854032824,3
30,Art,0.2136390130180453,2
30,AbruptChaos,0.0874481473791067,2
30,food,0.13491888170498087,1
30,Jokes,0.18345773224637363,2
30,bonehurtingjuice,-0.010085752337464667,1
30,IAmA,0.0410695925799337,1
30,inthesoulstone,0.04276041666666667,1
30,formula1,0.07494423973712831,1
30,DiWHY,0.09013975155279504,1
30,AnimalsBeingBros,0.22579504281949933,2
30,niceguys,0.11925645202160354,1
30,Rainbow6,0.12667585352311214,2
30,PoliticalHumor,0.18150633514870798,2
30,wholesomebpt,0.11914547565057769,1
30,TikTokCringe,0.12153890899968486,2
30,greentext,0.05733690166455318,1
30,antimeme,0.07505709904282568,1
30,AmItheAsshole,0.15177534827190656,3
30,2healthbars,0.04543097643097643,1
30,assholedesign,0.07669674447993116,1
30,gatekeeping,0.09060167720865493,2
30,WitchesVsPatriarchy,0.11941421012849585,1
30,WatchPeopleDieInside,0.063057408944186,1
30,absolutelynotmeirl,0.03570919820919821,1
30,ANormalDayInRussia,-0.001843438764394649,1
30,thisismylifenow,0.07985855643214781,1
30,PornhubComments,0.08430663665038664,2
30,NoStupidQuestions,0.049454448063436976,1
30,marvelmemes,0.0586811085926652,1
30,CrappyDesign,0.06871431030162647,1
30,nottheonion,0.021724554262102094,1
30,yesyesyesyesno,-0.023193280204643837,1
30,books,0.08365846461332813,1
30,DeepFriedMemes,0.13586309523809526,1
30,boomershumor,0.15246526931668192,2
30,JusticeServed,0.05762409201120442,1
30,reddeadredemption,0.06378350168528243,2
30,ChildrenFallingOver,0.014697529194056973,1
30,SuddenlyGay,0.07691597653554176,1
30,soccer,0.0786798716290138,2
30,WeWantPlates,0.035745161184013996,1
30,NintendoSwitch,0.05940981903375972,1
30,apexlegends,0.24407924308988269,3
30,ATBGE,0.11849731595564933,1
30,justneckbeardthings,0.033984095706012796,1
30,TwoXChromosomes,0.0514246864817249,1
30,CasualUK,-0.03341156890948557,2
30,awfuleverything,0.04188911036221164,1
30,Awwducational,0.08476566387176131,1
30,likeus,0.11035383597883598,1
30,intermittentfasting,0.08185816314260194,1
30,disneyvacation,-0.02689249407999408,1
30,suicidebywords,0.061344537815126055,1
30,nsfw,0.3292135291589657,2
30,LivestreamFail,0.021307145792503358,1
30,copypasta,0.12556826381391883,2
30,gifsthatkeepongiving,0.03230011924803591,1
30,television,0.13011092616788808,1
30,DnD,0.30175698390731287,2
30,u_SrGrafo,0.13620683579985904,1
30,absolutelynotme_irl,0.08337142857142858,1
30,anime_irl,0.0915619739057239,1
30,australia,0.04353329779664651,1
30,europe,0.1436969869685648,2
30,BoneAppleTea,0.10916305916305916,1
30,notliketheothergirls,0.06054513170002302,1
30,marvelstudios,0.10731906442099555,1
30,TheLastAirbender,0.07461211943793912,1
30,raimimemes,0.07752388889753999,1
30,Overwatch,0.2422199207042957,2
30,ImGoingToHellForThis,0.06840277777777777,1
30,godtiersuperpowers,0.05675016668394152,1
30,whitepeoplegifs,0.06919322174681801,1
30,teefies,0.14146634615384618,1
30,WinStupidPrizes,0.023068867698135383,1
30,boottoobig,0.07799970321246917,1
30,nba,0.1626489213998684,2
30,FortNiteBR,0.06261831164419196,1
30,AskOuija,0.007262798929465597,1
30,wow,0.0438816361786669,1
30,nonononoyes,0.03948109567901234,1
30,UrbanHell,0.06250938912609258,1
30,pokemon,0.06632047169174178,1
30,TopMindsOfReddit,0.036251031648078746,1
30,FoodPorn,0.0710576939108977,1
30,rimjob_steve,0.0798698752228164,2
30,AskMen,0.04025841924674597,1
30,PandR,0.04766049487262028,1
30,BeAmazed,0.03450035309653414,1
30,menwritingwomen,0.08693293479007763,1
30,softwaregore,0.05751443001443001,1
30,cringepics,0.0949090956558062,1
30,lego,0.10498953823953824,1
30,vaxxhappened,0.23101872870669005,3
30,badwomensanatomy,0.059814765933157536,1
30,antiMLM,0.07253167250531709,1
30,thatHappened,0.0698435803943467,1
30,skyrim,0.06809690526373598,1
30,oldpeoplefacebook,0.127754722821168,1
30,CatastrophicFailure,0.07992647544253127,1
30,nukedmemes,0.3223958333333334,2
30,InsanePeopleQuora,0.040418227215980033,1
30,PenmanshipPorn,0.07367703533026113,1
30,DidntKnowIWantedThat,0.14797910422910424,1
30,HumansAreMetal,0.05984055451023782,1
30,WhatsWrongWithYourDog,0.21336805555555557,1
30,agedlikemilk,0.024600007337295473,1
30,WritingPrompts,0.17424631103663363,1
30,crappyoffbrands,0.04912957412957413,1
30,Chonkers,0.1457058194666168,2
30,ItemShop,-0.005499252941917516,2
30,meme,0.030707131410256428,3
30,ScottishPeopleTwitter,0.09243698521893794,1
30,Instagramreality,0.05137352562896042,1
30,trees,0.08445749562937062,1
30,woahdude,0.06518070313524861,1
30,FunnyandSad,0.030922619047619043,1
30,explainlikeimfive,0.10757132639588311,1
30,tippytaps,0.036394865382495596,1
30,GamersRiseUp,-0.028142857142857143,1
30,pussypassdenied,0.0649526285295758,1
30,DnDGreentext,0.07094151895842353,1
30,shittyrainbow6,-0.047383629156075,2
30,SandersForPresident,0.15264942107516627,2
30,HadToHurt,0.04088766536683204,1
30,SmashBrosUltimate,0.173055382618527,1
30,Catswithjobs,-0.002005905617016731,1
30,SweatyPalms,0.07063269595568702,1
30,RealGirls,0.08568300189393939,1
30,ChoosingBeggars,0.1067995607134,1
30,NoahGetTheBoat,0.0735042735042735,1
30,AAAAAAAAAAAAAAAAA,0.07285714285714286,1
30,worldpolitics,0.0821154398641394,1
30,holdmyredbull,0.042289174385948584,1
30,2007scape,0.051358063719905825,1
30,terriblefacebookmemes,-0.021740254790940765,1
30,ToiletPaperUSA,0.06927829619150153,1
30,FUCKYOUINPARTICULAR,0.06789682539682539,1
30,gatesopencomeonin,0.19879559121788276,2
30,Memes_Of_The_Dank,-0.14754464285714283,1
30,shittysuperpowers,0.025471521942110182,1
30,pyrocynical,0.29929806965521255,2
30,Botchedsurgeries,0.11419960550912929,1
30,MaliciousCompliance,0.03733567310572028,1
30,pawg,0.23333333333333334,1
30,dadjokes,0.03856145740695825,2
30,MEOW_IRL,-0.03125,1
30,sweden,0.03639569574788553,1
30,destiny2,0.08462465445695683,2
30,bodyperfection,0.25,1
30,shittyrobots,0.0017469085288234227,1
30,SequelMemes,0.020023790864308107,1
30,dogswithjobs,0.16864481745875606,1
30,sports,0.0839155950064876,1
30,4chan,0.1401597140233504,1
30,zelda,0.10645697069431682,1
30,PetiteGoneWild,0.284375,1
30,TheMonkeysPaw,0.027098784987154914,1
30,AsiansGoneWild,0.18364989177489174,1
30,oddlyspecific,0.04656862745098039,1
30,StarWarsBattlefront,0.07478139113858263,1
30,Terraria,0.09206983629397422,1
30,SelfAwarewolves,0.051647685796098824,1
30,BiggerThanYouThought,0.25,1
30,StrangerThings,0.21430536477411477,1
30,Gamingcirclejerk,0.19343748352166534,2
30,toastme,0.22495245725238933,1
30,DestinyTheGame,0.09515538320575474,1
30,whatisthisthing,0.13385416666666666,1
30,ExpectationVsReality,0.17633871336996337,1
30,RocketLeague,0.1436674437141609,1
30,4PanelCringe,-0.058740740740740746,1
30,BirdsArentReal,-0.022277777777777803,1
30,lgbt,0.3479148391656621,2
30,SapphoAndHerFriend,0.08333700330453576,1
30,DadReflexes,0.06730145655092279,1
30,reactiongifs,0.2259064854898188,1
30,ComedyNecrophilia,0.024834526909722227,1
30,animalsdoingstuff,0.10416666666666667,1
30,INEEEEDIT,0.10203022881294695,1
30,Cursed_Images,0.1369328202661536,1
30,adorableporn,0.40625,1
30,StardewValley,0.2935449735449736,1
30,beetlejuicing,0.1311863711001642,1
30,gtaonline,0.04471637300718934,1
30,smoobypost,0.014087301587301584,1
30,bigtiddygothgf,0.3184895833333333,1
30,iamverybadass,0.012474026557764424,1
30,MemeTemplatesOfficial,0.18362068965517242,1
30,13or30,0.06536458333333332,1
30,TwoSentenceHorror,0.07340343245892243,1
30,Documentaries,0.052981303875217975,1
30,ConvenientCop,0.01813018204301729,1
30,halo,0.06527652159348588,1
30,standupshots,0.18739311696900982,1
30,southpark,0.0645962732919255,1
30,surrealmemes,0.03333333333333333,1
30,drawing,0.17899262043998887,1
30,LeopardsAteMyFace,0.010198437407341518,1
30,DankMemesFromSite19,0.06804315476190477,1
30,OutOfTheLoop,0.04955588331590632,1
30,formuladank,-0.039999999999999994,1
30,cumsluts,0.15929721320346318,1
30,wholesomejojo,0.09279569003527335,1
1,memes,6.4011136192779015,130
1,aww,1.3079961148365442,19
1,nextfuckinglevel,0.4124947660124426,4
1,funny,0.8647444638672735,12
1,dankmemes,3.533307275786596,80
1,wholesomememes,0.8273522357138781,8
1,BlackPeopleTwitter,0.17005114518968806,4
1,pics,1.0370674874770254,10
1,MurderedByWords,0.09058974004506343,2
1,oddlysatisfying,0.36552284524828355,5
1,gaming,0.47492326583949707,6
1,gifs,0.11966958854790201,4
1,news,0.17560244391716898,3
1,PrequelMemes,0.2706573832271562,5
1,space,0.30145630762189146,2
1,BikiniBottomTwitter,0.1628636827491808,1
1,comedyheaven,-0.010657704480168244,1
1,HongKong,0.017762329897997933,1
1,me_irl,0.2628478173001854,6
1,politics,0.5881015840592912,10
1,HumansBeingBros,0.14034892376349217,2
1,suspiciouslyspecific,0.1935461067268065,2
1,rarepuppers,0.5998540025165378,3
1,worldnews,0.3920957392462185,9
1,interestingasfuck,0.3981672046965961,5
1,Minecraft,0.2552904993880073,7
1,science,0.10163444699103975,1
1,technicallythetruth,0.14118361954004283,2
1,therewasanattempt,0.33777297343477325,4
1,oddlyterrifying,0.09251969002425467,2
1,rareinsults,0.13061127442528653,2
1,AskReddit,0.35839416667065516,6
1,MovieDetails,0.08364515250398223,1
1,Unexpected,0.1362969339391924,3
1,Whatcouldgowrong,0.09397982390204025,2
1,toptalent,0.10100586656409699,2
1,NatureIsFuckingLit,0.4774097362180969,4
1,HistoryMemes,0.2146108467390922,4
1,freefolk,0.15375294371043677,2
1,cursedcomments,0.7559019858603351,16
1,insanepeoplefacebook,0.18688486473034438,4
1,Art,0.2537490605677943,2
1,Tinder,0.20986684859870508,3
1,Jokes,0.2014996253255036,3
1,suicidebywords,0.11274140906362544,1
1,facepalm,0.18855352945739837,3
1,blackmagicfuckery,0.15200861343236755,2
1,Damnthatsinteresting,0.3163543038871013,4
1,iamatotalpieceofshit,0.025159684548902828,1
1,todayilearned,0.5012794319563318,8
1,starterpacks,0.08489080821743963,1
1,BrandNewSentence,0.08911140353753991,1
1,blursedimages,0.2534873444319556,10
1,madlads,0.2265839003106036,4
1,PeopleFuckingDying,0.09187987158450867,1
1,Cringetopia,0.09886344958748992,3
1,PewdiepieSubmissions,1.9215370620262073,50
1,WatchPeopleDieInside,0.16139226952156774,2
1,fakehistoryporn,0.011343154582426967,2
1,MadeMeSmile,0.2544735430849132,2
1,trashy,0.08660981260203965,2
1,2meirl4meirl,0.02608781400448068,2
1,Showerthoughts,0.6470115720832096,6
1,blessedimages,0.04775923904409457,8
1,ChoosingBeggars,0.05007064610671349,1
1,Futurology,0.04756462141416281,1
1,tifu,0.13803162947792585,2
1,photoshopbattles,0.19893518518518521,2
1,teenagers,0.5880106033193317,13
1,dogswithjobs,0.1810724369257889,1
1,gatekeeping,0.08150060066879965,1
1,TIHI,0.13423422719256053,2
1,pcmasterrace,0.17515465079917525,2
1,LifeProTips,0.16785674642276532,2
1,nevertellmetheodds,0.019951740512573844,1
1,quityourbullshit,0.038913884818960714,2
1,Eyebleach,0.08522566913336284,2
1,imsorryjon,0.11040952963033554,2
1,ShittyLifeProTips,0.0518109979896857,2
1,BeAmazed,0.13945821927089544,2
1,HydroHomies,0.23087763375620524,3
1,HolUp,0.33275545639526927,5
1,modernwarfare,0.08884281076326415,4
1,absolutelynotme_irl,0.028096370289599,1
1,SandersForPresident,0.09842818285915304,2
1,woof_irl,0.06362183265434526,3
1,FuckYouKaren,0.09693726851878655,2
1,natureismetal,0.19738466235904017,4
1,formula1,0.434956227215003,5
1,AnimalsBeingBros,0.0885383576209457,1
1,SelfAwarewolves,0.06945136969202576,1
1,dontputyourdickinthat,0.06020520629337592,1
1,DunderMifflin,0.0946043287055787,2
1,Bossfight,0.004929182874229318,1
1,mildlyinfuriating,0.0486293685948133,1
1,rickandmorty,0.26888886721136984,2
1,maybemaybemaybe,0.18628206853350562,2
1,nonononoyes,0.05134020300686967,1
1,Wellthatsucks,0.10143304833769075,2
1,woahdude,0.05629955150462963,1
1,ShitPostCrusaders,0.5234433281553099,22
1,CFB,0.07128143799054945,1
1,dataisbeautiful,0.2898794534220179,2
1,comedynecromancy,0.1114760148477254,1
1,europe,0.18199841183459778,1
1,videos,0.1429207382034332,2
1,youngpeopleyoutube,0.06543272864701435,2
1,sports,0.07521831057344258,1
1,clevercomebacks,0.05075099500035029,1
1,WTF,0.1725919222555191,2
1,lotrmemes,0.11976190476190474,2
1,2healthbars,0.06419913878565058,1
1,comics,-0.004953170797258763,1
1,gonewild,0.1069128787878788,2
1,iamverybadass,0.04933597649959345,1
1,CasualUK,0.07014031929327982,1
1,PornhubComments,0.10984593768804292,1
1,insaneparents,0.08928544758434012,2
1,relationship_advice,0.04065455996551477,1
1,KidsAreFuckingStupid,0.00037079586648639754,2
1,hmmm,0,1
1,tumblr,0.14532078026972936,4
1,IdiotsInCars,0.08709388470827018,3
1,EarthPorn,0.29821311781466436,3
1,dndmemes,0.08384577691196134,1
1,confusing_perspective,0.11191919191919192,1
1,CrappyDesign,0.2003150803599575,4
1,comedyhomicide,0.015352257568696022,2
1,PoliticalHumor,0.011063318568246938,1
1,bonehurtingjuice,0.05846753173754902,1
1,forbiddensnacks,0.010669191919191919,1
1,EmpireDidNothingWrong,0.04431638088614449,1
1,ihadastroke,0.03264313458434222,2
1,AmItheAsshole,0.21409296015217485,2
1,AskMen,0.07751978790572317,1
1,MemeEconomy,0.03917218614718615,1
1,holdmyfeedingtube,0.06376826556348263,1
1,LateStageCapitalism,0.1805310289167298,2
1,trippinthroughtime,-0.09285714285714286,1
1,FellowKids,0.13154610000391798,2
1,copypasta,0.0309022627500931,1
1,AbsoluteUnits,0.047534802532123964,2
1,instantkarma,0.03188175930690956,2
1,technology,0.12344197185687078,2
1,GifRecipes,0.13538229662601498,1
1,marvelstudios,0.06452437641723355,1
1,Rainbow6,0.1358522264282408,2
1,menwritingwomen,0.2198780982991631,2
1,perfectlycutscreams,0.03138963100391671,2
1,ProgrammerHumor,0.04551700461488198,1
1,marvelmemes,0.13899684076078853,2
1,nba,0.10831259827790736,2
1,EntitledBitch,0.034667002464494966,1
1,coolguides,0.11697013957982569,1
1,boottoobig,0.1143124236874237,1
1,educationalgifs,0.15575053470087685,2
1,CatastrophicFailure,0.14310207589294055,2
1,shittymoviedetails,0.023906965618922145,2
1,BoneAppleTea,0.09156589330808082,1
1,awfuleverything,0.06997212970704338,1
1,dank_meme,0.1048444315312213,1
1,agedlikemilk,0.05550612408424906,1
1,dontyouknowwhoiam,0.034321648786735756,1
1,DeepFriedMemes,0.009773201684160593,1
1,meirl,0.13006866123642438,2
1,WitchesVsPatriarchy,0.0572900039605195,1
1,unpopularopinion,0.195759478875966,2
1,WinStupidPrizes,0.08266916824300244,1
1,RealGirls,0.07953431372549019,1
1,television,0.06478996416956831,1
1,ANormalDayInRussia,-0.052136752136752146,1
1,Overwatch,0.2170728146281223,2
1,CozyPlaces,0.2248119429438874,2
1,SuddenlyGay,0.25620522587919287,2
1,ATBGE,0.06636651635401636,1
1,WhatsWrongWithYourDog,0.1538589701924831,2
1,Terraria,0.19924091684232614,2
1,leagueoflegends,0.25211779697703784,4
1,Neverbrokeabone,0.11336151180155987,2
1,wholesomeanimemes,0.017013031550068586,1
1,food,0.1357601251629029,1
1,Instagramreality,0.210291811129529,3
1,AbruptChaos,0.0108201581027668,1
1,specializedtools,0.028778082549634276,1
1,StrangerThings,0.07045454545454545,1
1,antimeme,0.14700198835452744,2
1,UpliftingNews,0.07784885458184682,1
1,cursedimages,-0.006351351351351348,1
1,GlobalOffensive,0.044683706816059744,1
1,Breath_of_the_Wild,0.15851254480286736,1
1,HumansAreMetal,0.05425415520212151,1
1,gatesopencomeonin,0.10139701926791558,1
1,lifehacks,0.03018167789001122,1
1,ComedyCemetery,0.058152840150503704,1
1,AteTheOnion,0.04218772929808331,1
1,PokemonSwordAndShield,0.13338633023355245,1
1,evilbuildings,0.009672357978279034,1
1,meme,0.1442780936270519,5
1,JusticeServed,0.015715268479288395,1
1,godtiersuperpowers,0.05034374129768866,1
1,greentext,0.010332481102103346,1
1,BetterEveryLoop,0.06478278748368034,1
1,soccer,0.298383463900964,3
1,MakeMeSuffer,0.04679429824561403,2
1,AdviceAnimals,0.04302560000476668,1
1,hearthstone,0.11007179934263268,1
1,DidntKnowIWantedThat,0.04717557519640853,1
1,NoahGetTheBoat,0.10267643848600697,2
1,AnimalsBeingDerps,0.08452380952380951,1
1,softwaregore,0.09661621450972824,2
1,im14andthisisdeep,0.1238767316017316,2
1,iamverysmart,0.07631382227473474,1
1,Chonkers,0.10954559574412516,1
1,ComedyNecrophilia,-0.013945261699891328,1
1,FunnyandSad,0.04595262397888449,1
1,fightporn,0.08692610297462136,2
1,TheMonkeysPaw,0.11178617913030624,1
1,trees,0.11656585252881552,2
1,wholesomebpt,0.02739572889049109,1
1,OldSchoolCool,0.15979391622582934,2
1,holdmycosmo,0.0446955895535441,1
1,tippytaps,0.15865961199294532,1
1,movies,0.11591149011854443,1
1,HighQualityGifs,0.17445363776008935,1
1,AskOuija,0.022734560543657384,2
1,shittyrainbow6,0.05440591128796017,1
1,SmashBrosUltimate,0.14706537792059068,2
1,niceguys,0.08133421135857137,1
1,MostBeautiful,0.08100505050505051,1
1,conspiracy,0.06431241579435118,1
1,TheRightCantMeme,0.08686571218877101,1
1,TwoSentenceHorror,0.032202129146573596,1
1,wholesomegifs,0.07090109728234731,1
1,GamePhysics,0.055212713873428174,1
1,InsanePeopleQuora,0.012861879186522224,1
1,nonutnovember,0.0470977862768117,1
1,thanosdidnothingwrong,0.07054590017825313,1
1,BirdsArentReal,0.06762422360248448,1
1,antiMLM,0.0150510872699248,1
1,teslamotors,0.10099579214318019,1
1,SequelMemes,0.07228005369524229,2
1,brooklynninenine,0.09066137566137566,1
1,PraiseTheCameraMan,0.07126591462816187,1
1,2007scape,0.040277956225872893,1
1,crappyoffbrands,0.13007223206086843,2
1,Gamingcirclejerk,0.05712123632746977,1
1,NSFW_GIF,0.04223872321094544,1
1,SweatyPalms,0.14034105954231357,2
1,whatisthisthing,0.056531039079061006,1
1,pokemon,0.07195273567598313,1
1,ScottishPeopleTwitter,0.08112577561327562,1
1,shittysuperpowers,0.10375234092354274,1
1,hmmmgifs,0.04550456978901686,1
1,atheism,0.07090823864362777,1
1,BokuNoHeroAcademia,0.21936046005542267,1
1,zelda,0.18032280219780222,1
1,ToiletPaperUSA,-0.03523984407891248,1
1,skyrim,0.01027367621149738,2
1,apexlegends,0.07646503725118575,2
1,vaxxhappened,0.02575701871657754,1
1,lostredditors,0.046875,1
1,thisismylifenow,0.005590569561157795,1
1,RoastMe,0.04071501680638585,1
1,anime_irl,0.07398933200196593,1
1,terriblefacebookmemes,0.09891534391534394,1
1,bi_irl,0.1858419032714807,1
1,notliketheothergirls,0.06113398401141908,1
1,tooktoomuch,0.0663488360493515,1
1,nsfw,0.16215127465127466,2
1,Zoomies,0.032866379310344834,1
1,whitepeoplegifs,0.008297839492692437,1
1,inthesoulstone,0.043916666666666666,1
1,ass,0.2583333333333333,1
1,GamersRiseUp,0.06203575695511179,1
1,4chan,0.02673221528652611,1
1,DesignPorn,0.2840720363886893,2
1,tf2,-0.00027783550561030074,2
1,DnD,0.24674639249639252,2
1,LegalTeens,0.005555555555555556,1
1,pyrocynical,0.0893235773924801,1
1,halo,0.017804009745518493,1
1,thatHappened,0.09585101748244394,2
1,destiny2,0.08198646433675542,1
1,AsiansGoneWild,0.05291587752525252,1
1,ItemShop,0.03624078798185942,2
1,FortNiteBR,0.1277150681209123,1
1,BeforeNAfterAdoption,0.15204574938949939,1
1,holdmycatnip,0.2798611111111111,1
1,surrealmemes,0.15885416666666666,1
1,medizzy,0.04590607137821341,1
1,reddeadredemption,0.2006774078498113,2
1,wallstreetbets,0.08674548727065629,1
1,theydidthemath,0.07872660341229668,1
1,GetMotivated,0.09795104852576118,1
1,Awwducational,0.11274509803921567,1
1,wholesomejojo,0.002812980030721967,1
1,nukedmemes,0.20049019607843135,1
1,blunderyears,0.16157568718544327,1
1,oddlyspecific,0.029249999999999998,1
1,WhitePeopleTwitter,-0.01751857675350064,3
1,badwomensanatomy,0.15501658514645528,1
1,OTMemes,0.07752192982456141,1
1,MapPorn,0.05127586971321099,1
1,explainlikeimfive,0.09689889666193777,1
1,disneyvacation,0.06870471014492753,1
1,ImGoingToHellForThis,0.09706632653061224,1
1,TheMandalorianTV,0.0517153853091353,1
1,battlestations,0.2040402091906721,1
1,mildlyinteresting,0.07546884667275214,1
1,2meirl42meirl4meirl,0.07099869982205982,1
1,OopsDidntMeanTo,0.0623582754683557,1
1,IncelTears,0.07701921076222781,1
1,TikTokCringe,0.06143159412202382,1
1,Frugal,0.07819184992765027,1
1,lgbt,0.2940512285852202,2
1,csgo,-0.024243867243867248,1
1,collegesluts,0.06014229910714285,1
1,BiggerThanYouThought,-0.004648148148148142,1
1,FiftyFifty,0.06086398086398086,1
1,TwoXChromosomes,0.11133703773972974,1
1,BustyPetite,-0.07313802083333334,1
1,FragileWhiteRedditor,0.05758185219333191,1
1,JustBootThings,0.016695435610502633,1
1,4PanelCringe,0.07573863759739272,1
1,ENLIGHTENEDCENTRISM,0.07528871966715094,1
1,SCP,0.09006257613238133,1
1,MEOW_IRL,-0.07430555555555556,1
1,donthelpjustfilm,0.03139087832102537,1
1,MaliciousCompliance,0.07452264481703301,1
1,FoodPorn,0.13992342796092794,1
1,absolutelynotmeirl,0.19791666666666666,1
1,oldpeoplefacebook,0.11026241967428906,1
1,WritingPrompts,0.19359066826200522,1
1,LivestreamFail,0.06120338546394366,2
1,holdmyfries,0.04223251028806584,1
1,NoStupidQuestions,0.10708736875700878,1
1,trebuchetmemes,0.034104938271604934,1
1,MonsterHunterWorld,0.029340590056236845,1
1,ksi,0.06744106597090184,2
1,bisexual,0.1507663472590625,1
1,dadjokes,0.08023178210678211,1
1,lego,0.0932700313950314,1
1,PetTheDamnDog,0.23263888888888892,1
1,confession,0.11570173949093959,1
1,wholesomegreentext,0.11628254268879269,1
1,ArtefactPorn,0.027720235367890325,1
1,LeagueOfMemes,0.06323412698412699,1
1,ContagiousLaughter,-0.0518939393939394,1
1,bigboye,0.04936811773617329,1
2,funny,0.5771283734420963,10
2,oddlysatisfying,0.3389302269286127,7
2,dankmemes,3.029468293860347,70
2,WhitePeopleTwitter,0.44204450040832194,8
2,memes,5.747812928551242,116
2,interestingasfuck,0.34589982037398037,5
2,wholesomememes,0.9994646661033346,8
2,aww,1.895619713036685,18
2,HistoryMemes,0.48492673951321014,10
2,BeAmazed,0.17803923607991487,3
2,pics,0.6715084652057487,7
2,nextfuckinglevel,0.18506625407425603,3
2,AskReddit,0.1931607463393113,3
2,Art,0.20077348161349517,2
2,cursedcomments,0.11967082160359904,6
2,Showerthoughts,0.1651793508848538,2
2,news,0.12662049073796966,2
2,facepalm,0.09726048315438948,2
2,science,0.1975812099873427,2
2,gaming,0.191993656771834,5
2,MurderedByWords,0.11907631441830616,3
2,blursedimages,0.8693315749278866,17
2,LifeProTips,0.07257743468109404,1
2,todayilearned,0.4515711194350815,7
2,Tinder,0.3506333193711127,4
2,PewdiepieSubmissions,2.6460827838088345,47
2,worldnews,0.34395688041494765,6
2,trashy,0.08038945830396395,3
2,MadeMeSmile,0.29166888257493084,3
2,therewasanattempt,0.10859394532052435,2
2,BlackPeopleTwitter,0.11171450246806515,3
2,rareinsults,0.12527271501003798,4
2,EarthPorn,0.3024282547821727,2
2,me_irl,0.8172472625513353,9
2,starterpacks,0.2130100438354059,2
2,mildlyinteresting,0.1596164443089139,2
2,teenagers,1.680213958115951,29
2,blessedimages,0.12632636068781583,6
2,greentext,0.07664234923301415,2
2,madlads,0.07529536435786435,1
2,Whatcouldgowrong,0.21978410646503607,3
2,MovieDetails,0.07846505764039884,1
2,Unexpected,0.14286078074829256,5
2,comedyheaven,0.04676333374208868,1
2,gifs,0.11702565080839647,3
2,PrequelMemes,0.38420902810557345,7
2,IdiotsInCars,0.15033177389265331,5
2,AnimalsBeingDerps,0.0556432156663638,1
2,comics,0.07896092509384363,1
2,TIHI,0.008812111006077457,1
2,vaxxhappened,0.0335631228711156,1
2,politics,0.8733792801998225,16
2,tifu,0.24366417919747096,2
2,Eyebleach,0.036728845568159765,1
2,technicallythetruth,0.07311228131362557,2
2,nevertellmetheodds,0.06508647033448621,1
2,MakeMeSuffer,0.3414994428212537,4
2,insanepeoplefacebook,0.0995912119696916,3
2,quityourbullshit,0.09131665666483772,1
2,toptalent,0.045053364390099084,1
2,HongKong,0.20326611388945184,4
2,assholedesign,0.17412518103546193,2
2,SandersForPresident,0.16768999498770262,2
2,insaneparents,0.26607195524459193,5
2,OldSchoolCool,0.08727692780049337,1
2,trees,0.0646785453473621,1
2,coolguides,0.1232053823237299,2
2,BikiniBottomTwitter,0.27832583003136546,3
2,ShitPostCrusaders,0.9291226246648885,20
2,Jokes,0.0477366341991342,1
2,dank_meme,0.0910810070532293,1
2,rarepuppers,0.3500103030771636,2
2,instantkarma,0.005953137839498253,2
2,ThatsInsane,0.05141906895987125,1
2,iamverysmart,0.10340042764423588,1
2,NatureIsFuckingLit,0.229448236255276,4
2,technology,0.044692267364976515,1
2,AnimalsBeingJerks,0.028696368446368442,1
2,unpopularopinion,0.027402504044070006,1
2,movies,0.06419556435401401,1
2,Wellthatsucks,0.08791175159392578,2
2,KidsAreFuckingStupid,0.11883202038909361,2
2,2meirl4meirl,0.16095462797212262,6
2,iamatotalpieceofshit,0.05223685294323402,2
2,meirl,0.19366948922156338,2
2,shittymoviedetails,0.05874804593554594,1
2,gatekeeping,0.1000780726338068,2
2,TwoXChromosomes,0.05862371838687627,1
2,apexlegends,0.04275779941348051,2
2,educationalgifs,0.03769453030104634,1
2,pcmasterrace,0.3313810564261843,3
2,Minecraft,0.7068929383934484,9
2,Cringetopia,0.0450802703745871,1
2,HydroHomies,0.06412513939106147,2
2,nottheonion,0.04160246406310022,1
2,marvelstudios,0.10675066385898728,2
2,nonononoyes,0.17397707231040563,1
2,HumansBeingBros,0.07186262061340254,1
2,ProgrammerHumor,0.13178249801008698,3
2,Bossfight,0.060203814904901856,1
2,im14andthisisdeep,0.05066687600904649,1
2,modernwarfare,0.1206272192940464,2
2,Damnthatsinteresting,0.2919986110674858,3
2,OurPresident,0.0978623440369961,1
2,Instagramreality,0.032954067497240745,1
2,television,0.08532600897780734,1
2,PeopleFuckingDying,0.16731700068009592,2
2,rickandmorty,0.10538319578451727,2
2,Documentaries,0.04611715833909602,1
2,wholesomegifs,0.02266165575616794,1
2,PublicFreakout,0.11350421753132232,2
2,youngpeopleyoutube,0.018051711494334453,1
2,natureismetal,0.08015148366941188,1
2,youseeingthisshit,0.057496630205112344,1
2,holdmycosmo,0.20660753216088756,3
2,photoshopbattles,0.3348370076425632,2
2,HolUp,0.39366200379328686,3
2,MemeEconomy,0.05816477028977028,2
2,Bad_Cop_No_Donut,0.06236334207726661,1
2,trippinthroughtime,0.054107862353695683,1
2,comedyhomicide,0.07994107573297915,1
2,Futurology,0.12819306615144388,2
2,PraiseTheCameraMan,0.055575404545876984,1
2,canada,0.059111120701164074,1
2,imsorryjon,0.1494047619047619,1
2,ATBGE,0.1403874150272403,2
2,PornhubComments,0.06262296516012217,1
2,FuckYouKaren,0.058376554315352214,2
2,PoliticalHumor,0.07802381821926668,2
2,australia,0.03255788942397237,1
2,tumblr,0.4109832098642583,5
2,DeepFriedMemes,0.1554312535290796,2
2,fakehistoryporn,0.01619561229730722,1
2,maybemaybemaybe,0.08830614660438349,1
2,Perfectfit,0.05839065255731922,1
2,WinStupidPrizes,0.05174226190476189,1
2,pokemon,0.1862540133664336,2
2,Zoomies,0.10443169715085297,2
2,GetMotivated,0.08418105584143319,1
2,WhatsWrongWithYourDog,0.049829011268713676,1
2,notliketheothergirls,0.09642983283011657,1
2,fightporn,0.09929977243860545,1
2,boottoobig,0.04004583333333338,1
2,BetterEveryLoop,0.006834966730800067,1
2,oddlyterrifying,0.0013424424507521037,1
2,relationship_advice,-0.005664989685035931,1
2,BoneAppleTea,-0.03702657430371154,1
2,lotrmemes,0.14008818251015437,2
2,freefolk,0.11051368416405354,2
2,marvelmemes,0.1015917886840969,2
2,Chonkers,0.1752981656515883,1
2,Overwatch,0.24309133484545573,2
2,perfectlycutscreams,0.03256794906142171,1
2,TheLastAirbender,0.1406930194140825,1
2,cursedimages,0.017015010597041847,1
2,softwaregore,0.03937171327022812,1
2,godtiersuperpowers,0.06928494398854868,2
2,iamverybadass,0.0044198919733524885,1
2,tippytaps,0.1195175438596491,1
2,mildlyinfuriating,0.08766670409703353,2
2,IAmA,0.11063137968562185,1
2,nukedmemes,0.14274135972052635,1
2,woodworking,0.06001627181530063,1
2,reallifedoodles,0.07498778103616813,1
2,ThatLookedExpensive,0.08623255426914578,1
2,AdviceAnimals,0.11979080746480195,2
2,BrandNewSentence,0.049445508195508185,1
2,pussypassdenied,0.006793993060423079,1
2,confusing_perspective,0.041742965367965366,1
2,suicidebywords,0.05781368102796674,1
2,soccer,0.29393432450977636,3
2,formula1,0.11796669272276014,1
2,xboxone,0.03156163864945666,1
2,inthesoulstone,0.025412855883093975,1
2,leagueoflegends,0.1485965765255358,2
2,dndmemes,0.1935525922750543,2
2,StarWars,0.2854351081289748,3
2,SuddenlyGay,0.08229885057471265,1
2,RoastMe,0.052817871979397545,1
2,surrealmemes,0.03255208333333334,1
2,CozyPlaces,0.3140085176165236,2
2,AmItheAsshole,0.12423441027069217,2
2,mallninjashit,-0.012876975647808979,1
2,boomershumor,0.037780984447651114,1
2,AbsoluteUnits,0.05401191907051283,1
2,NobodyAsked,0.006303491590376837,1
2,UNBGBBIIVCHIDCTIICBG,0.06312094869133353,1
2,videos,0.10908942462471116,2
2,JusticeServed,0.0275293218766001,1
2,antimeme,0.2816729229229229,1
2,Awwducational,0.03570337727905193,1
2,ChoosingBeggars,0.0621673655408661,1
2,YouShouldKnow,0.2145841933746752,2
2,lgbt,0.10018563675318062,1
2,donthelpjustfilm,0.02950026389976804,1
2,LateStageCapitalism,0.08883641007998733,2
2,agedlikemilk,0.05744973622405954,1
2,dontputyourdickinthat,0.2518123796397606,2
2,reddeadredemption,0.18076411960132893,1
2,ANormalDayInRussia,0.027377946127946126,1
2,thanosdidnothingwrong,0.08285583927608584,1
2,thisismylifenow,0.07632323281876853,1
2,niceguys,0.060932842958857064,1
2,europe,0.055779630103731555,1
2,lego,0.09656417234929843,1
2,worldpolitics,0.05651354725746296,1
2,theydidthemath,0.08543575953773322,1
2,ComedyCemetery,0.06743414269279513,1
2,gifsthatkeepongiving,0.0925,1
2,BiggerThanYouThought,0.34097222222222223,1
2,MapPorn,0.08808944748496571,1
2,anime_irl,0.0958886000623232,1
2,bonehurtingjuice,0.13251448131143428,2
2,meme,0.4031636362218529,4
2,justneckbeardthings,0.0927662037037037,1
2,mechanical_gifs,0.08557937137152252,1
2,Memes_Of_The_Dank,0.038088235294117645,1
2,Cursed_Images,0.03371468443836865,1
2,GamersRiseUp,0.03333333333333333,2
2,ItemShop,0.025595238095238095,1
2,skyrim,0.12840757780934509,2
2,AskMen,0.07415430473415005,1
2,WatchPeopleDieInside,0.060329034391534385,1
2,NintendoSwitch,0.08861100923680845,1
2,INEEEEDIT,-0.01633912727662728,1
2,CasualUK,0.05499386062840691,1
2,AccidentalRacism,-0.01359920634920635,1
2,food,0.21557721999727347,2
2,LipsThatGrip,0.08436853002070394,1
2,lostredditors,-0.038925908521303246,2
2,gadgets,0.06941890857225687,1
2,BirdsArentReal,0.02423409923409923,1
2,ShittyLifeProTips,0.14913439882189883,2
2,reactiongifs,0.19821948326450128,2
2,gonewild,0.03725895316804408,2
2,Rainbow6,0.07310996488079823,1
2,Kanye,0.07067733853964323,1
2,UpliftingNews,0.08492320895009679,1
2,Catswhoyell,0.083267471340388,1
2,Terraria,0.15392248774084716,2
2,RealGirls,0.0,1
2,ihavesex,0.03396807538328962,1
2,FellowKids,0.11872320140177282,1
2,HighQualityGifs,0.29824940948601664,2
2,oddlyspecific,0.07874062523733577,1
2,trebuchetmemes,-0.03125,1
2,perfectloops,-0.01932624113475177,1
2,yesyesyesno,-0.06948743386243388,2
2,TheMandalorianTV,0.07684534951195235,1
2,DnD,0.2854126379627867,2
2,holdmyredbull,0.025168707478255004,1
2,FiftyFifty,0.08164381153305203,1
2,2007scape,0.08708664094967286,1
2,SequelMemes,0.11129891685993773,2
2,dadjokes,0.023079710144927535,1
2,menwritingwomen,0.061071978354346704,1
2,GamePhysics,0.020387172887172886,1
2,specializedtools,0.035758665514778874,1
2,terriblefacebookmemes,9.285563973064626e-05,2
2,FoodPorn,0.2451028795489023,2
2,shittyrainbow6,0.025,1
2,InsanePeopleQuora,0.00029624118165784755,1
2,woahdude,0.05695436507936508,1
2,TikTokCringe,0.17018974975539247,1
2,HadToHurt,0.05553302744708993,1
2,MaliciousCompliance,0.1350044707583367,1
2,halo,0.07768106624589063,1
2,copypasta,0.0708495204362983,1
2,destiny2,0.24753618168518354,3
2,AbruptChaos,0.044382010035419125,1
2,TwoSentenceHorror,0.04298295437297214,2
2,AAAAAAAAAAAAAAAAA,0.02036969461697722,2
2,DemocraticSocialism,0.06404966353825482,1
2,wallstreetbets,0.06665067449211887,1
2,Steam,0.09568404020853652,1
2,wholesomeanimemes,0.6241900394037396,2
2,FunnyandSad,0.041176470588235294,1
2,wholesomegreentext,0.1342507371855198,1
2,NoStupidQuestions,0.08597196841282626,1
2,antiMLM,0.10633070606523441,1
2,MostBeautiful,0.1818276515151515,1
2,DestinyTheGame,0.06081764353836562,1
2,IASIP,0.021732142857142856,1
2,wow,0.14794270833333334,1
2,raimimemes,0.08964285714285715,1
2,hmmm,0.06153846153846154,1
2,crappyoffbrands,0.04081597222222222,1
2,WritingPrompts,0.1792829469912803,1
2,Instantregret,-0.008765199450614332,1
2,badUIbattles,0.10566179425356642,1
2,watchpeoplesurvive,0.12035079365079365,1
2,NoahGetTheBoat,0.01231060606060606,1
2,nba,0.12638373346074008,1
2,yesyesyesyesno,0.1706521739130435,1
2,iamveryrandom,-0.04765804597701149,1
2,conspiracy,0.070165928759648,1
2,askscience,0.09630085382776532,1
2,itookapicture,0.15138047138047137,1
2,tf2,0.05213874022148788,2
2,books,0.11220746897217265,1
2,thatHappened,0.049012515262515266,1
2,brooklynninenine,0.07026807738356651,1
2,SelfAwarewolves,-0.009523138182931996,1
2,FortNiteBR,0.08106047288436097,1
2,TheMonkeysPaw,0.056342290076566805,1
2,UnethicalLifeProTips,0.07842201172885264,1
2,MEOW_IRL,0.09803240740740743,1
2,PunPatrol,0.20555555555555557,1
2,dating_advice,0.11252232502561575,1
2,shittyfoodporn,0.09180457052797479,1
2,DnDGreentext,0.06863759751811653,1
2,forbiddensnacks,-0.05267857142857143,1
2,atheism,0.05902981478404713,1
2,AskHistorians,0.06205303297018109,1
2,HumanForScale,0.14253926038500506,1
2,hearthstone,0.054862308917947814,1
2,likeus,0.07852559161238575,1
2,tuckedinkitties,-0.03561980347694634,1
2,MinecraftMemes,0.14566666666666667,1
2,gtaonline,0.10545175631981188,1
2,bi_irl,-0.00873015873015873,1
2,TooAfraidToAsk,0.05616028083062056,1
2,MemeTemplatesOfficial,0.07112802318964292,1
2,SCP,0.022677927329699428,1
2,GlobalOffensive,0.12505911845510845,1
2,Catswithjobs,0.14638589810924368,1
2,ChildrenFallingOver,0.02307366157722315,1
2,zelda,0.04439225574365038,1
2,PS4,0.11663263352016778,1
2,shittysuperpowers,0.05750300906258849,1
2,ksi,0.10742296918767508,1
2,bertstrips,0.13055555555555556,1
2,Neverbrokeabone,0.004983304394018693,1
2,DesignPorn,0.04660765261308741,1
2,discordapp,0.10441693672276538,1
2,StardewValley,0.07991452991452992,1
