Collection Day,Subreddit,Sentiment,Post Count
3,gaming,9.026147549245048,100
3,funny,6.903771510698859,100
3,memes,4.222311567449319,100
3,dankmemes,4.746300937348382,100
3,wholesomememes,12.411428528088997,100
3,aww,10.17899609550775,100
3,PublicFreakout,3.539324048317051,100
3,blursedimages,4.914888427213075,100
3,pics,9.336376745186055,100
3,nextfuckinglevel,7.193967970604335,100
3,mildlyinteresting,7.2002455477130445,100
3,rareinsults,5.6653470496511185,100
3,suspiciouslyspecific,3.1364124423551942,100
3,BlackPeopleTwitter,7.098114675616821,100
3,HistoryMemes,5.093664489907719,100
3,PewdiepieSubmissions,6.906829478525365,100
3,instantkarma,2.3149648219951984,67
3,trippinthroughtime,0.7739280880595795,50
3,Unexpected,5.56742636604372,100
3,comedyheaven,3.152208370916526,100
3,teenagers,4.665176955007665,100
3,todayilearned,6.4561673987728545,100
3,WhitePeopleTwitter,2.860207091088402,100
3,ProgrammerHumor,5.180678065120682,100
3,Showerthoughts,6.933642128601692,100
3,lifehacks,7.349601025164813,100
4,interestingasfuck,7.244264312155958,100
4,WatchPeopleDieInside,5.330329939957611,100
4,cursedcomments,4.646009316417813,100
4,Damnthatsinteresting,8.174271361813771,100
4,science,4.9689261386887456,100
4,BikiniBottomTwitter,4.986481421832063,100
4,me_irl,6.148772854372924,100
4,NatureIsFuckingLit,7.900933294260849,100
4,Wellthatsucks,6.504486069944501,100
4,blackmagicfuckery,1.4699491136487701,29
4,MadeMeSmile,11.551496652810808,100
4,sadcringe,3.5906285862396827,55
4,imsorryjon,10.376583054591643,100
4,HongKong,4.641013151829622,100
4,BrandNewSentence,5.246959804137078,100
4,therewasanattempt,5.2675072945386265,100
4,2meirl4meirl,3.6486087860060397,100
4,suicidebywords,4.0052946682507935,100
4,TIHI,3.7778757746891887,100
4,Eyebleach,10.779482641307919,100
4,gifs,5.656034718104369,100
4,trashy,4.336687478049399,100
4,StarWars,9.579727391232838,100
4,space,7.429623221932133,100
4,PrequelMemes,6.31270382028312,100
4,Futurology,7.165326957521332,100
4,starterpacks,4.731455056848058,100
4,politics,4.95205305775636,100
4,iamatotalpieceofshit,0.8913218666498964,100
4,blessedimages,6.623303047567238,100
4,Minecraft,9.171591845094742,100
4,madlads,6.453921761110622,100
4,insanepeoplefacebook,5.276545610028381,100
4,oddlysatisfying,10.008540094736658,100
4,agedlikemilk,1.0963355328869178,100
4,GetMotivated,7.716427965110011,100
4,HumansBeingBros,8.844298136188357,100
4,instant_regret,0.48968977859133334,19
4,OldSchoolCool,8.842124450757792,100
4,modernwarfare,5.637343818853481,100
4,worldnews,5.243667262546309,100
4,facepalm,3.696151683835962,100
4,comics,6.738513288023443,100
4,leagueoflegends,7.926593380303176,100
4,news,4.481913755546658,100
4,Whatcouldgowrong,4.566332508845241,100
4,DunderMifflin,5.464335867908327,100
4,HighQualityGifs,3.2815642347085707,49
4,oddlyterrifying,7.350629956695538,100
4,HolUp,2.9074584904053804,100
4,dndmemes,7.760865495386365,100
4,EarthPorn,12.765429890841439,100
4,insaneparents,4.77028667982033,100
4,Tinder,8.415593605589685,100
4,tifu,9.193641134194305,100
4,technicallythetruth,6.328130229070638,100
4,WTF,5.521608444510615,100
4,ThatsInsane,2.052494350080793,38
4,pcmasterrace,9.464505493870773,100
4,toptalent,4.659550239003131,72
4,rarepuppers,12.945585768270387,100
4,AnimalsBeingDerps,6.764730353800113,100
4,natureismetal,7.741196026638493,100
4,photoshopbattles,12.797798945042098,100
4,quityourbullshit,6.16361295281903,83
4,holdmyfeedingtube,2.899846116300514,53
4,mildlyinfuriating,5.781538936298354,100
4,Bossfight,3.4789948146027423,100
4,KidsAreFuckingStupid,3.9119168488295144,100
4,unpopularopinion,7.24646746324742,100
4,MakeMeSuffer,2.883594038953187,100
4,nevertellmetheodds,3.7460142545601554,81
4,woof_irl,5.262087733116589,100
4,IdiotsInCars,3.3282845215538894,100
4,freefolk,3.1664321386245593,100
4,youngpeopleyoutube,4.7401923402449375,100
4,technology,5.922925954814216,100
4,ShitPostCrusaders,4.068712992819248,100
4,wholesomegifs,4.055215925208925,91
4,meirl,2.5800831608319204,100
4,dataisbeautiful,8.37418832354196,100
4,BetterEveryLoop,1.8174703352217434,40
4,PeopleFuckingDying,3.4659438227582946,100
4,MemeEconomy,5.646285016252863,100
4,tumblr,6.874872733945411,100
4,cursedimages,2.7371330644898695,100
4,AbsoluteUnits,5.533472139479873,100
4,wholesomeanimemes,10.120489324786599,100
4,LateStageCapitalism,5.3235064885896435,100
4,atheism,6.950356468530225,100
4,coolguides,10.733717248236099,100
4,MovieDetails,8.193086917096538,100
4,fightporn,4.328149026030431,100
4,rickandmorty,5.325206421223721,100
4,KeanuBeingAwesome,1.0166328104227877,13
4,comedyhomicide,7.698563592370029,100
4,confusing_perspective,3.6957347354722256,100
4,perfectlycutscreams,2.4048824279932286,100
4,gonewild,10.4258595141843,100
4,videos,7.7796941347179605,100
4,FellowKids,5.768814436133988,100
4,shittymoviedetails,1.8684326140533318,100
4,forbiddensnacks,4.536284512762447,100
4,fakehistoryporn,1.9851765826635148,100
4,ShittyLifeProTips,4.507286226220366,100
4,AteTheOnion,1.1428557635318701,66
4,HydroHomies,9.026364389149354,100
4,hmmm,2.7186624389489347,100
4,dank_meme,1.94966175772641,100
4,maybemaybemaybe,8.692642991824552,100
4,Cringetopia,2.8885979445153245,100
4,thanosdidnothingwrong,4.303156540448249,100
4,CozyPlaces,13.129646213637233,100
4,dontputyourdickinthat,5.1707849340386485,100
4,FuckYouKaren,4.511144447574114,100
4,specializedtools,6.5617336943257,71
4,lotrmemes,5.539098706448531,100
4,Art,18.289968425130063,100
4,AbruptChaos,3.279004810623503,100
4,food,17.01538783105191,100
4,Jokes,7.090657352378021,100
4,bonehurtingjuice,3.810400295827702,100
4,IAmA,4.355045332030549,34
4,inthesoulstone,0.8511758852450024,24
4,formula1,9.422048313034287,100
4,DiWHY,3.90410467018165,52
4,AnimalsBeingBros,8.086277315899622,91
4,niceguys,6.627117816989894,100
4,Rainbow6,8.194134983800787,100
4,PoliticalHumor,4.015382642941541,100
4,wholesomebpt,0.3768387619934095,8
4,TikTokCringe,5.450364573125803,100
4,greentext,2.376090128560527,53
4,antimeme,5.759161253298692,100
4,AmItheAsshole,7.048820764664296,100
4,2healthbars,0.18609271048301662,17
4,assholedesign,4.541470884478102,100
4,gatekeeping,3.611601388243846,100
4,WitchesVsPatriarchy,12.206533507186151,100
4,absolutelynotmeirl,0.6457267699685201,36
4,ANormalDayInRussia,4.9120624250770355,100
4,thisismylifenow,3.4589261465689494,78
4,PornhubComments,5.094120322454358,100
4,NoStupidQuestions,5.667325023406866,100
4,marvelmemes,3.2172370841263342,100
4,CrappyDesign,5.595261253798644,100
4,nottheonion,3.7498918203705385,98
4,yesyesyesyesno,4.1874404754835535,100
4,books,14.504166186766737,100
4,DeepFriedMemes,1.941132952375941,55
4,boomershumor,4.8231683969235215,100
4,JusticeServed,0.7937350406508752,52
4,reddeadredemption,9.01182668584895,100
4,ChildrenFallingOver,0.30990645113908716,36
4,SuddenlyGay,5.465497564710975,100
4,soccer,8.548891439889067,100
4,WeWantPlates,3.9829889050115237,97
4,NintendoSwitch,8.542988426388154,100
4,apexlegends,9.317597145017876,100
4,ATBGE,4.255997321606044,83
4,justneckbeardthings,2.055153815603376,100
4,TwoXChromosomes,7.451264335875041,100
4,CasualUK,7.37610782976696,100
4,awfuleverything,3.043146246327384,100
4,Awwducational,4.116872214378226,28
4,likeus,1.7722571605557973,42
4,intermittentfasting,17.82043924657937,100
4,disneyvacation,1.1075871300531355,100
4,nsfw,3.6441598608071826,100
4,LivestreamFail,5.366059877270677,100
4,copypasta,4.9128452562617015,100
4,gifsthatkeepongiving,2.0578139898239205,66
4,television,10.312623697947696,100
4,DnD,16.014895973906782,100
4,u_SrGrafo,0.7550877215951562,8
4,absolutelynotme_irl,3.893582718380615,100
4,anime_irl,9.052792250389432,100
4,australia,5.595197110627454,100
4,europe,6.944821264394178,100
4,BoneAppleTea,2.768819448422183,100
4,notliketheothergirls,7.390736304455771,100
4,marvelstudios,9.37848132062935,100
4,TheLastAirbender,7.1049799390418125,100
4,raimimemes,6.941027400741695,100
4,Overwatch,9.122886538174871,100
4,ImGoingToHellForThis,2.8484246285050454,100
4,godtiersuperpowers,4.346971736064484,100
4,whitepeoplegifs,0.9486814601132709,16
4,teefies,6.1296915927319375,100
4,WinStupidPrizes,3.4603623331878364,49
4,boottoobig,0.11400718007731189,100
4,nba,8.599899216093823,100
4,FortNiteBR,7.869955705074411,100
4,AskOuija,1.3562701292652781,100
4,wow,11.765992921553933,100
4,nonononoyes,5.108041576808451,100
4,UrbanHell,1.1819857349140381,31
4,pokemon,7.117633994247896,100
4,TopMindsOfReddit,5.302948926431719,100
4,FoodPorn,13.905421148953275,100
4,rimjob_steve,4.039371534052435,100
4,AskMen,10.555072115920899,100
4,PandR,6.30484555601589,100
4,BeAmazed,7.695238227055377,100
4,menwritingwomen,4.418584075290196,61
4,softwaregore,4.535937407467652,100
4,cringepics,4.237155220110897,100
4,lego,14.036777652717761,100
4,vaxxhappened,3.015222276206672,100
4,badwomensanatomy,4.20896756759475,100
4,antiMLM,9.069393544308552,100
4,thatHappened,3.772251325212543,100
4,skyrim,10.082152643329662,100
4,oldpeoplefacebook,2.425837937456677,100
4,CatastrophicFailure,1.1605010280682206,40
4,nukedmemes,5.207214511275505,100
4,InsanePeopleQuora,4.095618389044745,67
4,PenmanshipPorn,7.811330777829679,100
4,DidntKnowIWantedThat,5.189362741191826,100
4,HumansAreMetal,0.17210996244232635,92
4,WhatsWrongWithYourDog,8.747224776255154,100
4,WritingPrompts,18.913484392108174,100
4,crappyoffbrands,3.2976433089043016,100
4,Chonkers,7.188988405338012,100
4,ItemShop,5.1401832721298195,100
4,meme,4.12302678799802,100
4,ScottishPeopleTwitter,-0.05811882813937386,20
4,Instagramreality,9.157647879165838,100
4,trees,9.601982865610877,100
4,woahdude,7.255092351831225,100
4,FunnyandSad,4.041582140740556,100
4,explainlikeimfive,10.320521346092711,100
4,tippytaps,1.796381987445492,90
4,GamersRiseUp,1.3200727552976281,100
4,pussypassdenied,1.5982579758658493,28
4,DnDGreentext,5.126830504412771,74
4,shittyrainbow6,4.21274039204157,100
4,SandersForPresident,10.657168929792764,100
4,HadToHurt,4.328269655476179,49
4,SmashBrosUltimate,6.540726369777305,100
4,Catswithjobs,2.676775239896154,100
4,SweatyPalms,2.7018097135220676,100
4,RealGirls,8.52190583105763,100
4,ChoosingBeggars,8.388306358998735,100
4,NoahGetTheBoat,3.879979018584159,100
4,AAAAAAAAAAAAAAAAA,1.7630814601474913,100
4,worldpolitics,5.5935637418151645,100
4,holdmyredbull,1.3823808986639687,14
4,2007scape,7.550164316892527,100
4,terriblefacebookmemes,2.6919705838802486,100
4,ToiletPaperUSA,2.879255650752105,100
4,FUCKYOUINPARTICULAR,1.9524195980837218,43
4,gatesopencomeonin,3.462475450575418,69
4,Memes_Of_The_Dank,3.3688556250494206,100
4,shittysuperpowers,5.942582470708857,100
4,pyrocynical,2.5893233911401987,100
4,Botchedsurgeries,4.4456190116165235,67
4,MaliciousCompliance,2.005211407098477,27
4,pawg,5.938646988529284,100
4,dadjokes,5.386302000041796,100
4,MEOW_IRL,0.36740453472463774,100
4,sweden,3.3786337583649027,100
4,destiny2,7.775167361871396,100
4,bodyperfection,0.9175818452380953,100
4,shittyrobots,0.589659228965717,18
4,SequelMemes,4.191144017233229,100
4,dogswithjobs,8.057788026615626,86
4,sports,2.5413053662175806,66
4,4chan,3.7818047032167157,100
4,zelda,10.404859991899915,100
4,PetiteGoneWild,8.11617273081303,100
4,TheMonkeysPaw,7.501603990706589,100
4,AsiansGoneWild,10.748518591717472,100
4,oddlyspecific,1.9751262614962308,100
4,StarWarsBattlefront,8.430905487839112,100
4,Terraria,8.756053605154323,100
4,SelfAwarewolves,5.039325151229622,100
4,BiggerThanYouThought,5.93634566380383,100
4,StrangerThings,6.635474572772766,100
4,Gamingcirclejerk,3.4916040974293567,100
4,toastme,23.968944607352295,100
4,DestinyTheGame,8.649792467889458,100
4,whatisthisthing,8.577711258216434,100
4,ExpectationVsReality,7.4743483088993585,100
4,RocketLeague,7.965441540131965,100
4,4PanelCringe,2.5824846627727576,100
4,BirdsArentReal,1.2452939126070424,100
4,lgbt,13.91402012333064,100
4,SapphoAndHerFriend,2.992152046596976,38
4,DadReflexes,0.36924704948062076,5
4,reactiongifs,2.7380436463553663,100
4,ComedyNecrophilia,0.7453995225851329,100
4,animalsdoingstuff,2.7981252760525344,100
4,INEEEEDIT,1.179374571852699,21
4,Cursed_Images,2.4316897222041423,100
4,adorableporn,8.201690683171188,100
4,StardewValley,11.812095193616889,100
4,beetlejuicing,-0.5998237256415397,100
4,gtaonline,6.182773356016177,100
4,smoobypost,1.5343667517754966,39
4,bigtiddygothgf,12.07611932456536,100
4,iamverybadass,6.284755646966669,100
4,MemeTemplatesOfficial,6.660933095319933,100
4,13or30,4.009346988877133,100
4,TwoSentenceHorror,6.114525485489909,100
4,Documentaries,3.7575057178914975,90
4,ConvenientCop,0.3014361069927739,15
4,halo,8.076402403763622,100
4,standupshots,2.0006657951276523,40
4,southpark,3.7998438991476076,100
4,surrealmemes,3.3611652674375194,100
4,drawing,18.308084015360894,100
4,LeopardsAteMyFace,0.20320987562407752,25
4,DankMemesFromSite19,5.713382133129789,100
4,OutOfTheLoop,3.7426774797418703,100
4,formuladank,4.598298881902449,100
4,cumsluts,6.626877651091193,100
4,wholesomejojo,7.152902028109389,100
4,MurderedByWords,4.361280453622123,100
4,LifeProTips,7.763955135813385,100
4,CFB,7.89844066928785,100
4,comedynecromancy,0.382616395424455,3
4,clevercomebacks,4.573245716665808,100
4,relationship_advice,7.757007185502582,100
4,EmpireDidNothingWrong,3.843324085094279,97
4,ihadastroke,4.582985571201122,100
4,GifRecipes,1.2729311805096533,10
4,EntitledBitch,3.176055044815537,85
4,educationalgifs,2.4346505722280654,28
4,dontyouknowwhoiam,0.9717828512499327,20
4,Neverbrokeabone,4.732018615468146,100
4,UpliftingNews,3.996833011776988,86
4,GlobalOffensive,7.76213452932807,100
4,Breath_of_the_Wild,10.01854207025861,100
4,ComedyCemetery,3.8564926481761796,100
4,PokemonSwordAndShield,10.080792043130113,100
4,evilbuildings,1.5716849656985388,100
4,AdviceAnimals,4.03591969236028,100
4,hearthstone,6.720135045284787,100
4,im14andthisisdeep,1.6235700719535746,100
4,iamverysmart,2.8845403641000975,60
4,holdmycosmo,4.006554620805704,81
5,movies,11.702567569569567,100
5,MostBeautiful,4.637128011669147,100
5,conspiracy,6.1559724676357,100
5,TheRightCantMeme,4.22083391619228,100
5,GamePhysics,1.555447958893208,100
5,nonutnovember,5.94719962490502,100
5,teslamotors,10.111619638385116,100
5,brooklynninenine,3.2395678512010644,100
5,PraiseTheCameraMan,3.4777318483632857,88
5,NSFW_GIF,4.66897267130032,100
5,hmmmgifs,0.5826337561541907,49
5,BokuNoHeroAcademia,15.606523937127001,100
5,lostredditors,3.2515182925625434,100
5,RoastMe,6.53576924529344,100
5,bi_irl,6.591677440891189,100
5,tooktoomuch,2.6520969230630973,61
5,Zoomies,6.8838168034085045,100
5,ass,1.3454132490316701,100
5,DesignPorn,6.9925695886194985,83
5,tf2,4.510045940935824,100
5,LegalTeens,5.903844773730892,100
5,BeforeNAfterAdoption,8.58057997881871,59
5,holdmycatnip,2.2015566593502687,29
5,medizzy,2.322243080760093,52
5,wallstreetbets,5.4538206119308965,100
5,theydidthemath,6.103225312041114,100
5,blunderyears,3.470929930251142,33
5,OTMemes,2.8146167667823825,100
5,MapPorn,7.553869373381766,100
5,TheMandalorianTV,7.05208754281299,100
5,battlestations,15.394037417447622,100
5,2meirl42meirl4meirl,2.919010068574575,100
5,OopsDidntMeanTo,2.21834036224601,34
5,IncelTears,7.575201877429063,100
5,Frugal,11.14190834393488,100
5,csgo,6.459545940910363,100
5,collegesluts,3.971598475928833,100
5,FiftyFifty,3.507507249932246,98
5,BustyPetite,7.339897610583006,100
5,FragileWhiteRedditor,3.274078689559212,65
5,JustBootThings,4.627656789979937,75
5,ENLIGHTENEDCENTRISM,1.6147785105669976,100
5,SCP,8.547064493241514,100
5,donthelpjustfilm,4.148771893433866,100
5,holdmyfries,0.3453344357468324,12
5,trebuchetmemes,1.2711548187974988,100
5,MonsterHunterWorld,10.343202611714634,100
5,ksi,2.963840518143654,100
5,bisexual,14.481232691389737,100
5,PetTheDamnDog,2.9410706675147464,53
5,confession,6.14341234646543,89
5,wholesomegreentext,0.9532348609340722,34
5,ArtefactPorn,1.9636719296299994,32
5,LeagueOfMemes,7.978177352904878,100
5,ContagiousLaughter,4.036023427164968,100
5,bigboye,0.8285061824388698,15
5,AnimalsBeingJerks,8.381259209004245,100
5,OurPresident,2.276796502810779,65
5,youseeingthisshit,2.006384471182611,30
5,Bad_Cop_No_Donut,-0.2665705281473942,100
5,canada,6.682644496117516,100
5,Perfectfit,4.488339201913176,100
5,woodworking,15.189758045118834,100
5,reallifedoodles,0.6262972258995543,10
5,ThatLookedExpensive,2.443550330189315,39
5,xboxone,8.83873957702812,100
5,mallninjashit,3.9642433990756514,69
5,NobodyAsked,2.463998754470401,100
5,UNBGBBIIVCHIDCTIICBG,0.09676577258464826,3
5,YouShouldKnow,5.517970040817494,66
5,mechanical_gifs,1.908028903912222,36
5,AccidentalRacism,1.2631570703175228,100
5,LipsThatGrip,1.9423747830269569,82
5,gadgets,3.5548599055265555,22
5,Kanye,7.8498910224111285,100
5,Catswhoyell,10.381013564353275,100
5,ihavesex,6.328589341433562,100
5,perfectloops,2.2506051549686403,33
5,yesyesyesno,3.0929986448048297,100
5,DemocraticSocialism,2.462705506121414,100
5,Steam,6.136127241754394,100
5,IASIP,1.3301606271070445,100
5,Instantregret,1.6580105751740193,100
5,badUIbattles,0.32265900713825063,8
5,watchpeoplesurvive,3.5580721605990857,59
5,iamveryrandom,1.9051979086626205,100
5,askscience,9.703282899858046,100
5,itookapicture,14.585785594939289,100
5,UnethicalLifeProTips,4.7680673408397345,47
5,PunPatrol,2.574881390307861,100
5,dating_advice,11.702921905098401,100
5,shittyfoodporn,5.941430561382124,100
5,AskHistorians,7.584376048797082,100
5,HumanForScale,2.2093211006642686,64
5,tuckedinkitties,7.892075114924672,100
5,MinecraftMemes,4.8023637207940855,100
5,TooAfraidToAsk,8.68419686281324,100
5,PS4,6.855738635322518,100
5,bertstrips,2.7074191795623923,100
5,discordapp,5.484016408911274,100
